id,name,surname,salary,date
1,Natka,Massie,$57891.38,27/05/2019
2,Laina,Petchell,$41288.85,12/01/2019
3,Ashby,Henkens,$47451.45,10/03/2019
4,Aurel,Cuthbert,$28379.95,16/04/2019
5,Kaylil,Willison,$17234.18,17/03/2019
6,Mirelle,Headon,$59329.07,01/05/2019
7,Gerhardine,Vaskov,$71338.43,17/01/2019
8,Candide,Parchment,$49302.87,30/03/2019
9,Mei,Francisco,$84945.92,23/04/2019
10,Donielle,Splevin,$61046.11,21/02/2019
11,Jerry,Chadbourne,$26292.30,02/01/2019
12,Ichabod,Toplis,$16754.32,04/02/2019
13,Wynn,Drohun,$10896.29,10/03/2019
14,Gerard,McQuilkin,$35210.26,26/04/2019
15,Eachelle,Ellor,$79449.52,24/02/2019
16,Laurel,Bullman,$84314.31,07/06/2019
17,Benedikta,Dust,$84042.27,12/04/2019
18,Roger,Sibson,$56823.36,19/04/2019
19,James,Georgeon,$26126.08,25/03/2019
20,Dall,Infantino,$37244.31,01/05/2019
21,Benni,Rumbelow,$22448.27,10/03/2019
22,Arvy,Farrent,$33170.14,23/01/2019
23,Judith,Nichol,$15422.49,15/06/2019
24,Antone,Conradsen,$54450.50,28/03/2019
25,Shirleen,Monson,$24603.65,18/04/2019
26,Andonis,Mariner,$84720.47,21/01/2019
27,Earl,Espy,$68224.38,18/02/2019
28,Brianna,Peaple,$39189.39,21/04/2019
29,Ree,Gann,$21518.89,10/01/2019
30,Grissel,Erangy,$61708.06,20/01/2019
31,Odessa,Hasser,$49424.17,26/01/2019
32,Eleonora,Chuck,$52611.86,14/06/2019
33,Ansell,Cockell,$18527.95,19/02/2019
34,Sarene,Towsie,$13362.20,18/01/2019
35,Tabby,Bucklan,$15476.04,25/02/2019
36,Galven,Tribble,$18575.26,01/06/2019
37,Anetta,Ingham,$29640.83,04/04/2019
38,Tonye,Haselden,$16200.93,13/03/2019
39,Amalee,Ference,$30445.05,19/01/2019
40,Clim,Ricardon,$54057.87,06/05/2019
41,Yance,Rean,$72504.87,16/06/2019
42,Guillemette,Pascow,$15625.04,24/02/2019
43,Harwell,Huebner,$42514.57,06/06/2019
44,Aguistin,Belliveau,$56034.08,27/04/2019
45,Prinz,Arnoll,$46431.21,14/03/2019
46,Catlaina,Middlemist,$17166.86,14/04/2019
47,Fifi,Lawles,$66158.15,12/05/2019
48,Zelda,Mathison,$35582.20,17/03/2019
49,Feliza,Kerrigan,$25639.94,04/06/2019
50,Cassandra,Stockings,$34308.28,28/04/2019
51,Osgood,Denholm,$25869.84,23/01/2019
52,Darrick,Treagus,$50782.22,08/06/2019
53,Emlyn,Dossett,$70740.62,07/02/2019
54,Kerry,Korda,$36826.91,18/06/2019
55,Claresta,Fortye,$20926.57,25/03/2019
56,Adam,Oxherd,$14346.92,06/05/2019
57,Griffith,Alvares,$62352.41,29/05/2019
58,Thorsten,Janous,$11078.31,16/03/2019
59,Tawsha,McUre,$21990.24,19/01/2019
60,Andromache,Burnell,$16405.72,16/03/2019
61,Muire,Gabriel,$31506.15,25/04/2019
62,Seymour,Brisset,$44805.84,05/01/2019
63,Robenia,Yokley,$22600.87,01/04/2019
64,Quinta,Reggiani,$25422.65,18/02/2019
65,Wayne,MacAne,$46030.48,16/04/2019
66,Eden,MacCrackan,$20201.16,09/03/2019
67,Lisette,Jorin,$54992.14,08/01/2019
68,Jasmina,Chaikovski,$38620.84,16/04/2019
69,Arni,Mackrell,$84693.13,05/02/2019
70,Raeann,Akenhead,$70856.21,10/04/2019
71,Lindsay,Heady,$15287.57,19/05/2019
72,Drona,Vieyra,$73073.24,10/03/2019
73,Thatch,Boyall,$47532.78,19/03/2019
74,Alvera,Maultby,$16457.31,18/06/2019
75,Terrence,Camois,$65003.12,28/02/2019
76,Eloisa,Bee,$65514.74,08/03/2019
77,Malchy,Banbrick,$55160.82,07/06/2019
78,Adelina,Duinbleton,$78626.67,27/01/2019
79,Holly,Thresher,$79299.69,01/02/2019
80,Mei,Tretwell,$22242.90,14/06/2019
81,Talbert,Handlin,$42737.94,28/04/2019
82,Monique,Cottisford,$62708.47,20/04/2019
83,Gael,MacMeanma,$56500.07,21/02/2019
84,Sollie,Petcher,$63655.46,12/04/2019
85,Antoinette,Woodier,$78758.38,24/03/2019
86,Aubine,Kiebes,$78678.18,03/05/2019
87,Conway,Pastor,$39133.68,21/02/2019
88,Zarla,Falla,$22201.77,26/04/2019
89,Yoko,Van Bruggen,$40611.75,11/03/2019
90,Jewell,Edmondson,$24149.76,02/03/2019
91,Kerstin,Yakobowitch,$19063.09,17/02/2019
92,Ailee,Enocksson,$78909.55,22/03/2019
93,Annabel,Lavery,$10537.77,01/01/2019
94,Goldy,MacKerley,$46230.99,14/05/2019
95,Glen,De Beauchamp,$26272.89,25/03/2019
96,Jordain,Northley,$82877.21,14/05/2019
97,Amberly,Andrysiak,$30610.35,05/02/2019
98,Asa,Riddich,$61526.91,29/01/2019
99,Jay,Burndred,$57246.60,31/01/2019
100,Toma,Amiable,$22896.92,27/05/2019
101,Fawn,Feeley,$27456.59,26/02/2019
102,Arly,Kollasch,$75171.25,09/04/2019
103,Hazel,Snelson,$44360.64,28/01/2019
104,Felicia,Sancto,$21159.72,12/05/2019
105,Xylina,Steckings,$59576.29,13/02/2019
106,Sharon,Aguirrezabal,$10311.27,30/03/2019
107,Rois,McHenry,$27654.67,24/02/2019
108,Marillin,Brookhouse,$51465.47,14/05/2019
109,Zelig,Jouanny,$78530.72,03/05/2019
110,Jacklin,Teffrey,$59463.62,04/01/2019
111,Moses,Melesk,$52834.59,15/01/2019
112,Ruthi,Agate,$20478.17,12/06/2019
113,Jonis,Graham,$78493.69,21/01/2019
114,Hal,Port,$67154.46,15/01/2019
115,Nolana,McPaik,$51636.97,18/05/2019
116,Bronny,Gauthorpp,$52196.61,11/06/2019
117,Victor,Bartoleyn,$23629.40,11/01/2019
118,Gayla,Domaschke,$63076.07,25/01/2019
119,Miran,Cleef,$61564.88,29/05/2019
120,Emmy,Joseff,$77894.73,01/01/2019
121,Mack,Frances,$76978.05,14/03/2019
122,Even,Lapsley,$51608.06,22/05/2019
123,Yoshi,Nellis,$14092.94,21/02/2019
124,Gavan,MacDermott,$51489.79,20/06/2019
125,Rebeka,Alenin,$49267.02,22/04/2019
126,Delaney,Delgaty,$48762.91,15/06/2019
127,Carroll,Dulanty,$74112.07,02/03/2019
128,Adella,Christene,$73522.45,24/03/2019
129,Ebenezer,Castanaga,$83820.70,26/02/2019
130,Marcella,Thickens,$71543.66,23/05/2019
131,Woody,Rate,$73573.12,17/03/2019
132,Lexine,Costar,$83282.18,07/04/2019
133,Shayne,Benwell,$49961.57,29/03/2019
134,Aurlie,Vanyatin,$68990.57,24/02/2019
135,Magnum,Alven,$12178.21,31/05/2019
136,Maurene,Gresch,$51276.40,13/06/2019
137,Hilliary,Okey,$41709.73,04/03/2019
138,Aland,Alcott,$39987.06,25/04/2019
139,Dacie,Ballay,$52962.66,19/03/2019
140,Maiga,Garr,$78189.15,10/01/2019
141,Sutton,Mulliss,$30178.37,24/04/2019
142,Puff,Pickworth,$55248.95,11/03/2019
143,Moise,Jenik,$67296.49,09/06/2019
144,Moyra,Stilgo,$78702.18,28/03/2019
145,Valencia,Raulstone,$20182.06,15/06/2019
146,Shirlee,Pape,$59441.03,20/04/2019
147,Alexandra,Haston,$57682.54,09/03/2019
148,Robbyn,Petrillo,$31890.72,15/03/2019
149,Kirk,Tytcomb,$58594.17,31/01/2019
150,Quintana,Pickles,$69104.99,16/03/2019
151,Waylon,Siflet,$18254.33,22/02/2019
152,Cullie,Banes,$27874.70,17/01/2019
153,Nicko,Dominico,$51677.34,24/04/2019
154,Debor,Chazier,$31242.10,18/01/2019
155,Virginia,Bebis,$20068.91,25/05/2019
156,Rosa,Zanetello,$65818.52,03/06/2019
157,Ricki,Grabbam,$52048.48,04/05/2019
158,Jaime,Betterton,$53522.48,16/05/2019
159,Keenan,Axelby,$13781.66,03/04/2019
160,Leigh,Ovitts,$73008.93,18/02/2019
161,Noni,Cathenod,$71975.77,22/03/2019
162,Mella,Ivashchenko,$18313.47,23/03/2019
163,Jarvis,Plaschke,$13020.73,15/05/2019
164,Carlee,Cardus,$16758.47,23/04/2019
165,Sheilah,Perillio,$16672.64,10/02/2019
166,Amery,Leijs,$13113.77,15/06/2019
167,Odell,Large,$30883.01,17/06/2019
168,Annice,Elt,$41555.91,01/05/2019
169,Graehme,Cardozo,$45016.79,18/02/2019
170,Byrom,Peye,$54151.34,20/06/2019
171,Shadow,Coltherd,$58638.56,22/04/2019
172,Valentine,Riddoch,$19473.04,22/01/2019
173,Denny,Caplen,$32456.24,04/01/2019
174,Sanders,Dumphries,$65411.92,21/01/2019
175,Humbert,Jakoubec,$69332.14,17/02/2019
176,Ilaire,O'Neill,$51371.94,22/02/2019
177,Gerty,Carnoghan,$70442.01,05/06/2019
178,Cooper,Demangeon,$63946.94,06/01/2019
179,Letitia,Poad,$79873.89,08/02/2019
180,Mallory,Lumbers,$28254.47,23/01/2019
181,Denys,Rubartelli,$23567.93,18/04/2019
182,Minta,Hannon,$77364.90,11/04/2019
183,Nissa,Cranstone,$13326.80,10/02/2019
184,Kathye,Girogetti,$51819.00,02/03/2019
185,Keely,Henrique,$53879.15,01/02/2019
186,Cassie,Hacquard,$12453.40,08/05/2019
187,Netti,Earie,$31373.63,31/05/2019
188,Job,Poltone,$47743.04,23/01/2019
189,Barbee,Josephy,$50727.78,18/06/2019
190,Hertha,Messenger,$62114.40,17/04/2019
191,Elston,Yousef,$28913.07,12/05/2019
192,Lonni,Sturney,$66738.64,31/03/2019
193,Hillie,Chancelier,$39399.77,05/01/2019
194,Abigael,Gimlet,$14362.93,27/03/2019
195,Velvet,Playfoot,$65023.78,15/05/2019
196,Gamaliel,D'Onisi,$57753.47,01/05/2019
197,Randa,Varey,$63413.62,30/03/2019
198,Lotty,Dowbiggin,$58412.93,11/05/2019
199,Tad,Van der Krui,$78151.46,29/03/2019
200,Ronalda,Willmore,$46125.07,22/01/2019
201,Rasia,Gioani,$82302.84,06/05/2019
202,Idell,Curtoys,$28657.22,16/06/2019
203,Anders,Hanlon,$82920.67,05/01/2019
204,Andrey,Menghi,$53244.95,04/01/2019
205,Alfonse,Szymaniak,$65430.84,29/03/2019
206,Kimbell,Revens,$26198.33,15/01/2019
207,Henrietta,Baudoux,$16776.97,05/03/2019
208,Paulie,Saunders,$65288.83,08/04/2019
209,Banky,Mitchell,$58176.78,13/06/2019
210,Kimble,Doubleday,$60440.44,24/01/2019
211,Stacee,Lauret,$55914.10,27/05/2019
212,Belicia,Clappson,$24801.86,27/01/2019
213,Marcelle,Maro,$15797.02,31/05/2019
214,Alena,Haselden,$29673.43,11/02/2019
215,Dyana,Cresar,$17202.92,25/05/2019
216,Jamison,Larrat,$54978.37,14/01/2019
217,Mellie,Petyakov,$17384.76,09/03/2019
218,Caro,Sheeran,$73419.49,03/03/2019
219,Wilmar,Gentry,$64202.39,17/06/2019
220,Ruthi,Caulcott,$77881.07,10/01/2019
221,Audie,Leckie,$77087.66,06/06/2019
222,Emilie,Rennix,$27577.75,25/02/2019
223,Hildagard,Wreiford,$72474.80,29/05/2019
224,Catharine,Stockford,$44949.07,28/01/2019
225,Marylou,Devitt,$34815.04,12/01/2019
226,Marian,Maberley,$13340.04,17/01/2019
227,Keary,Bothams,$73760.18,28/05/2019
228,Morris,Hamshere,$27868.30,07/06/2019
229,Nada,Jzhakov,$71595.34,28/02/2019
230,Yule,Bowe,$35883.02,04/04/2019
231,Danya,de Glanville,$11650.00,11/02/2019
232,Maridel,Borell,$69406.56,11/05/2019
233,Kacy,Gillespey,$26924.10,25/02/2019
234,Katuscha,Gravener,$84695.28,23/04/2019
235,Petra,Kelberer,$34673.13,30/01/2019
236,Donielle,Minthorpe,$21773.62,28/02/2019
237,Minor,Lozano,$78383.89,12/05/2019
238,Halimeda,Fiske,$13071.34,25/01/2019
239,Margery,Sparshutt,$59001.61,24/05/2019
240,Pearce,Jannaway,$37921.32,02/01/2019
241,Kissie,Libbis,$31891.92,28/02/2019
242,Stan,Abbotson,$71210.48,18/03/2019
243,Kelcy,Pedri,$35631.73,01/02/2019
244,Marie-jeanne,Lacey,$73185.23,23/01/2019
245,Sheppard,Benedikt,$52848.73,29/05/2019
246,Allissa,Breissan,$29471.95,21/04/2019
247,Minta,Battell,$55270.06,16/03/2019
248,Guilbert,Andrasch,$63718.46,23/01/2019
249,Albina,Burfield,$22766.28,04/05/2019
250,Rockwell,Halligan,$30571.78,14/01/2019
251,August,Vaissiere,$28572.76,25/01/2019
252,Bell,Greenhough,$51568.54,22/02/2019
253,Sindee,Sheffield,$24249.07,26/04/2019
254,Hinda,Keysall,$63179.62,13/03/2019
255,Karen,Iannitti,$22221.62,14/03/2019
256,Ellen,Huddy,$53658.82,23/03/2019
257,Gallard,Piel,$10012.58,03/03/2019
258,Winona,Wabb,$53083.56,18/02/2019
259,Dorelle,Kardos-Stowe,$14163.70,30/03/2019
260,Leslie,Testro,$21815.01,28/02/2019
261,Clarine,Leaming,$49189.49,05/05/2019
262,Karilynn,Haddleston,$72510.98,08/05/2019
263,Elmer,Giorgi,$33273.87,03/04/2019
264,Matthiew,Mayer,$16234.00,26/03/2019
265,Nappie,Treadgold,$16621.64,10/02/2019
266,Sheridan,Myrick,$23151.96,25/02/2019
267,Sheila,Linnard,$84682.16,21/04/2019
268,Cosette,Klousner,$38293.43,22/03/2019
269,Tabbie,Royds,$57741.50,17/01/2019
270,Meggy,Dand,$64441.28,15/03/2019
271,Lonnie,Tarte,$67796.15,04/03/2019
272,Marleah,Melland,$28766.58,12/01/2019
273,Violet,Gullivan,$17031.67,17/01/2019
274,Giselbert,Byer,$84948.62,19/05/2019
275,Christoffer,Battman,$71725.17,07/04/2019
276,Cathy,Espasa,$24103.03,16/01/2019
277,Lisle,Sinnock,$72192.26,04/05/2019
278,Mae,Wagstaffe,$42046.11,18/01/2019
279,Sula,Leader,$60569.32,26/03/2019
280,Dedra,Cowlard,$17718.09,10/01/2019
281,Eran,Greenlies,$14676.78,01/02/2019
282,Seline,Chaffey,$37346.20,08/06/2019
283,Ewell,Willowby,$82655.51,17/06/2019
284,Wildon,Calderon,$39671.38,13/03/2019
285,Devland,Gronav,$60462.23,18/03/2019
286,Erl,Sodory,$68096.97,06/03/2019
287,Harv,Hallyburton,$83677.93,05/04/2019
288,Hewett,Uvedale,$35034.21,01/04/2019
289,Annetta,Avison,$55309.13,17/01/2019
290,Shelby,Yaneev,$32941.65,03/06/2019
291,Cash,Olivari,$61812.20,03/05/2019
292,Thedrick,Bonavia,$22974.15,17/01/2019
293,Price,Cresar,$47517.59,04/05/2019
294,Nester,Stokes,$55043.76,05/01/2019
295,Caritta,Greatrex,$79427.33,18/02/2019
296,Emiline,Pottberry,$21463.26,24/01/2019
297,Lucas,Wyche,$26693.01,29/05/2019
298,Vaughn,Fley,$50202.38,17/01/2019
299,Harwilll,Lampet,$42992.93,26/02/2019
300,Ced,Piniur,$61218.57,02/04/2019
301,Tomkin,Sapir,$17550.61,24/01/2019
302,Otha,Schubuser,$26386.93,13/06/2019
303,Blisse,Loosemore,$23668.06,18/05/2019
304,Sharla,Blasio,$41154.73,02/01/2019
305,Vince,Melrose,$57029.72,31/01/2019
306,Annmarie,Sedgefield,$54432.12,21/01/2019
307,Suzy,Champerlen,$54191.80,26/02/2019
308,Wilmar,Quinion,$52845.68,19/06/2019
309,Hermann,Paoli,$32675.11,29/03/2019
310,Fulvia,Cagan,$32417.72,19/02/2019
311,Roland,Yeend,$49791.44,09/05/2019
312,Wilbert,Bullier,$12565.11,27/02/2019
313,Birk,Vagg,$58655.13,10/05/2019
314,Jere,Pawnsford,$31241.38,31/01/2019
315,Mabelle,Larret,$72787.85,25/01/2019
316,Ricki,Arnold,$11251.93,04/03/2019
317,Emmett,Tenney,$40535.96,03/03/2019
318,Anetta,Thompson,$59344.62,30/04/2019
319,Mariquilla,Baison,$73751.93,10/04/2019
320,Isak,Bloys,$25541.23,19/02/2019
321,Gregor,McTavish,$48902.13,01/02/2019
322,Cynthy,Botte,$33585.68,04/04/2019
323,Steffi,Frill,$82009.87,13/05/2019
324,Leif,Hourihane,$50604.01,13/04/2019
325,Kyle,Fines,$72468.34,05/04/2019
326,Christy,Ivanikov,$61601.72,10/02/2019
327,Zia,Icom,$15509.28,19/04/2019
328,Giovanna,Kinneir,$79234.55,28/02/2019
329,Kendre,Glaysher,$35961.84,06/01/2019
330,Shauna,Boriston,$65306.78,02/05/2019
331,Mikel,Mantz,$80741.66,11/04/2019
332,Ad,Biswell,$76147.54,06/06/2019
333,Brien,Sneezum,$62413.91,07/02/2019
334,Aloisia,Deplacido,$24230.97,10/01/2019
335,Nikolos,Durban,$35739.31,15/04/2019
336,Ileane,Piddletown,$28302.15,04/05/2019
337,Ame,Huntley,$61432.86,03/03/2019
338,Beitris,Sammons,$11859.06,22/04/2019
339,Lane,Younie,$76213.44,19/06/2019
340,Roseanna,Gossage,$47297.27,06/04/2019
341,Ewen,Pischof,$17380.51,10/01/2019
342,Yul,Nicholson,$65202.59,03/04/2019
343,Birgitta,Fowlds,$73489.27,22/03/2019
344,Ermentrude,Brann,$84498.46,11/01/2019
345,Liuka,Whenman,$48171.59,01/05/2019
346,Hildagarde,Dennant,$24046.18,16/06/2019
347,Bernadine,Guinane,$77581.97,04/03/2019
348,Wilone,Megson,$64503.39,21/02/2019
349,Retha,Macconaghy,$17906.76,07/01/2019
350,Lorain,Bigglestone,$54809.70,02/04/2019
351,Luciano,Aranda,$25000.00,23/06/2019
352,Amber,Wakefield,$60000.00,23/06/2019
353,Emma,Wakefield,$42000.00,23/06/2019
